clip_idx,subject_id,label,rppg_available,blink_available,rppg_snr,blink_intensity
2,00023,0.0,1,1,5.4284,0.4031
5,00047,0.0,1,1,5.6446,0.4287
8,00063,0.0,1,1,5.4937,0.3482
14,00119,0.0,1,1,5.4588,0.2412
20,00193,0.0,1,1,5.4450,0.1351
21,00194,0.0,1,1,5.3670,0.2898
38,00258,0.0,1,1,5.5241,0.3636
54,00274,0.0,1,1,5.5641,0.1314
59,00279,0.0,1,1,5.6148,0.1502
62,00282,0.0,1,1,5.6550,0.1540
67,00287,0.0,1,1,5.7346,0.3019
71,id10,0.0,1,1,5.3770,0.1115
72,id10,0.0,1,1,5.5008,0.2426
83,id17,0.0,1,1,5.6550,0.1049
84,id17,0.0,1,1,5.6938,0.1492
85,id19,0.0,1,1,5.6803,0.1241
86,id19,0.0,1,1,5.6607,0.1345
87,id1,0.0,1,1,5.6338,0.1966
88,id1,0.0,1,1,5.4762,0.2928
89,id1,0.0,1,1,5.6827,0.3461
90,id1,0.0,1,1,5.5023,0.1388
102,id28,0.0,1,1,5.7597,0.1538
103,id28,0.0,1,1,5.6338,0.1306
104,id28,0.0,1,1,5.6603,0.1225
107,id2,0.0,1,1,5.3548,0.1377
108,id2,0.0,1,1,5.4360,0.1326
109,id2,0.0,1,1,5.5614,0.1253
110,id2,0.0,1,1,5.5673,0.1462
111,id2,0.0,1,1,5.5278,0.1328
120,id33,0.0,1,1,5.5782,0.1343
121,id33,0.0,1,1,5.4566,0.1608
122,id33,0.0,1,1,5.6816,0.1249
127,id36,0.0,1,1,5.7260,0.1228
128,id36,0.0,1,1,5.0840,0.1302
129,id36,0.0,1,1,5.6360,0.4269
130,id36,0.0,1,1,5.7317,0.3771
131,id36,0.0,1,1,5.3619,0.1304
140,id40,0.0,1,1,5.7340,0.2957
141,id40,0.0,1,1,5.7666,0.3869
152,id49,0.0,1,1,5.4020,0.1432
154,id50,0.0,1,1,5.6782,0.1996
155,id50,0.0,1,1,5.5165,0.1592
156,id50,0.0,1,1,5.4628,0.1436
162,id53,0.0,1,1,5.6031,0.1578
163,id53,0.0,1,1,5.5934,0.1504
164,id53,0.0,1,1,5.5582,0.4818
166,id56,0.0,1,1,5.6316,0.2734
167,id56,0.0,1,1,5.5821,0.4633
168,id56,0.0,1,1,5.7262,0.3801
169,id57,0.0,1,1,5.4755,0.1306
170,id57,0.0,1,1,5.4587,0.4324
171,id58,0.0,1,1,5.4775,0.1390
188,id10,1.0,1,1,5.3477,0.1032
189,id10,1.0,1,1,5.5531,0.1434
190,id10,1.0,1,1,5.3569,0.1072
191,id10,1.0,1,1,5.5786,0.1449
192,id10,1.0,1,1,5.3601,0.1158
193,id10,1.0,1,1,5.6185,0.1454
194,id10,1.0,1,1,5.4622,0.2409
195,id10,1.0,1,1,5.3603,0.1078
196,id10,1.0,1,1,5.5972,0.1454
197,id10,1.0,1,1,5.6697,0.3319
198,id10,1.0,1,1,5.4390,0.1223
223,id17,1.0,1,1,5.6516,0.1151
224,id17,1.0,1,1,5.6747,0.1181
225,id17,1.0,1,1,5.6657,0.1459
226,id17,1.0,1,1,5.6803,0.1116
227,id17,1.0,1,1,5.6361,0.1113
228,id17,1.0,1,1,5.6726,0.1148
229,id17,1.0,1,1,5.7531,0.4504
230,id17,1.0,1,1,5.5782,0.3689
231,id17,1.0,1,1,5.6722,0.1372
232,id17,1.0,1,1,5.6634,0.1191
233,id17,1.0,1,1,5.6567,0.1247
234,id17,1.0,1,1,5.5847,0.2161
235,id17,1.0,1,1,5.6499,0.1376
236,id17,1.0,1,1,5.6660,0.1235
237,id17,1.0,1,1,5.6586,0.3578
238,id17,1.0,1,1,5.6624,0.1206
239,id17,1.0,1,1,5.6781,0.1159
240,id19,1.0,1,1,5.7092,0.3366
241,id19,1.0,1,1,5.7544,0.3619
242,id19,1.0,1,1,5.6937,0.1499
243,id1,1.0,1,1,5.7230,0.2859
244,id1,1.0,1,1,5.5744,0.1411
245,id1,1.0,1,1,5.6968,0.4365
246,id1,1.0,1,1,5.6948,0.2969
247,id1,1.0,1,1,5.6855,0.2025
248,id1,1.0,1,1,5.5456,0.1929
249,id1,1.0,1,1,5.5044,0.2951
250,id1,1.0,1,1,5.5464,0.1324
251,id1,1.0,1,1,5.6879,0.1329
252,id1,1.0,1,1,5.5203,0.2437
253,id1,1.0,1,1,5.5631,0.1429
254,id1,1.0,1,1,5.6308,0.2990
255,id1,1.0,1,1,5.7553,0.2837
256,id1,1.0,1,1,5.5549,0.1364
257,id1,1.0,1,1,5.7718,0.1317
258,id1,1.0,1,1,5.7026,0.2116
317,id28,1.0,1,1,5.7303,0.1134
318,id28,1.0,1,1,5.7486,0.1395
319,id28,1.0,1,1,5.6950,0.1555
320,id28,1.0,1,1,5.7430,0.1322
321,id28,1.0,1,1,5.7091,0.1425
322,id28,1.0,1,1,5.6942,0.1392
323,id28,1.0,1,1,5.6551,0.1486
324,id28,1.0,1,1,5.7453,0.1535
325,id28,1.0,1,1,5.6876,0.1353
326,id28,1.0,1,1,5.7590,0.1285
327,id28,1.0,1,1,5.7658,0.3896
328,id28,1.0,1,1,5.7203,0.1369
338,id2,1.0,1,1,5.4622,0.1296
339,id2,1.0,1,1,5.4649,0.2456
340,id2,1.0,1,1,5.6289,0.4243
341,id2,1.0,1,1,5.6471,0.3465
342,id2,1.0,1,1,5.3663,0.1803
343,id2,1.0,1,1,5.5527,0.1261
344,id2,1.0,1,1,5.4173,0.1745
345,id2,1.0,1,1,5.4865,0.1404
346,id2,1.0,1,1,5.5093,0.3231
373,id33,1.0,1,1,5.4066,0.2878
374,id33,1.0,1,1,5.5217,0.1636
375,id33,1.0,1,1,5.6489,0.4368
407,id38,1.0,1,1,5.5422,0.1309
408,id38,1.0,1,1,5.5716,0.1240
409,id38,1.0,1,1,5.5440,0.4070
410,id38,1.0,1,1,5.6590,0.1448
440,id49,1.0,1,1,5.5912,0.1620
441,id49,1.0,1,1,5.4096,0.1384
460,id50,1.0,1,1,5.4592,0.4876
461,id50,1.0,1,1,5.6993,0.1392
462,id50,1.0,1,1,5.5050,0.1466
467,id53,1.0,1,1,5.5543,0.1589
468,id53,1.0,1,1,5.5687,0.1396
469,id53,1.0,1,1,5.5189,0.1392
475,id56,1.0,1,1,5.6676,0.4035
476,id56,1.0,1,1,5.6648,0.4540
477,id56,1.0,1,1,5.7021,0.1924
478,id56,1.0,1,1,5.6810,0.5364
479,id57,1.0,1,1,5.4706,0.1374
480,id57,1.0,1,1,5.3647,0.1330
481,id58,1.0,1,1,5.5685,0.3401
521,00003,0.0,1,1,5.8092,0.3551
529,00012,0.0,1,1,5.4481,0.4611
530,00013,0.0,1,1,5.5353,0.1527
532,00015,0.0,1,1,5.5471,0.1291
533,00016,0.0,1,1,5.6803,0.2236
538,00022,0.0,1,1,5.5248,0.1491
549,00035,0.0,1,1,5.5250,0.3253
553,00040,0.0,1,1,5.4495,0.1734
557,00044,0.0,1,1,5.5289,0.1319
560,00049,0.0,1,1,5.6196,0.3316
562,00051,0.0,1,1,5.5431,0.1639
563,00052,0.0,1,1,5.6275,0.4307
568,00057,0.0,1,1,5.4321,0.1318
580,00071,0.0,1,1,5.6409,0.1435
587,00079,0.0,1,1,5.4960,0.1359
589,00081,0.0,1,1,5.6100,0.1733
590,00083,0.0,1,1,5.5540,0.4004
603,00098,0.0,1,1,5.5317,0.1447
606,00101,0.0,1,1,5.4015,0.1431
611,00107,0.0,1,1,5.5908,0.1284
614,00110,0.0,1,1,5.5264,0.1347
615,00111,0.0,1,1,5.5780,0.1385
616,00112,0.0,1,1,5.6819,0.4952
618,00114,0.0,1,1,5.7459,0.1393
620,00116,0.0,1,1,5.5467,0.3984
628,00125,0.0,1,1,5.6032,0.1169
637,00135,0.0,1,1,5.4751,0.1282
641,00140,0.0,1,1,5.6191,0.1720
643,00142,0.0,1,1,5.5352,0.4796
649,00148,0.0,1,1,5.6942,0.1482
651,00150,0.0,1,1,5.4815,0.1378
671,00172,0.0,1,1,5.4363,0.1323
673,00174,0.0,1,1,5.2905,0.1245
675,00176,0.0,1,1,5.6191,0.1241
680,00181,0.0,1,1,5.6095,0.1467
682,00183,0.0,1,1,5.6869,0.1835
684,00185,0.0,1,1,5.5763,0.1375
685,00186,0.0,1,1,5.5224,0.3909
687,00189,0.0,1,1,5.4200,0.1259
705,00214,0.0,1,1,5.6713,0.3305
707,00216,0.0,1,1,5.3235,0.2957
719,00229,0.0,1,1,5.6961,0.1323
722,00232,0.0,1,1,5.4861,0.1317
725,00235,0.0,1,1,5.6366,0.1275
743,00295,0.0,1,1,5.4300,0.2538
757,id10,0.0,1,1,5.7179,0.1442
758,id10,0.0,1,1,5.6991,0.1818
759,id10,0.0,1,1,5.6336,0.2690
760,id10,0.0,1,1,5.5608,0.1453
761,id10,0.0,1,1,5.6638,0.3360
762,id10,0.0,1,1,5.6358,0.1389
763,id10,0.0,1,1,5.4327,0.1268
764,id10,0.0,1,1,5.6270,0.2307
803,id17,0.0,1,1,5.7115,0.1230
804,id17,0.0,1,1,5.6620,0.4333
805,id17,0.0,1,1,5.7330,0.4605
806,id17,0.0,1,1,5.6797,0.3862
807,id17,0.0,1,1,5.5975,0.3505
808,id17,0.0,1,1,5.6463,0.2367
809,id17,0.0,1,1,5.5532,0.4422
810,id17,0.0,1,1,5.7471,0.1316
811,id19,0.0,1,1,5.7362,0.1236
812,id19,0.0,1,1,5.7056,0.1471
813,id19,0.0,1,1,5.7039,0.1269
814,id19,0.0,1,1,5.6796,0.1172
815,id19,0.0,1,1,5.6941,0.3269
816,id19,0.0,1,1,5.6793,0.3529
817,id19,0.0,1,1,5.6645,0.2232
818,id19,0.0,1,1,5.6647,0.4779
819,id1,0.0,1,1,5.4715,0.4834
820,id1,0.0,1,1,5.4890,0.3535
821,id1,0.0,1,1,5.5608,0.1346
822,id1,0.0,1,1,5.5826,0.1379
823,id1,0.0,1,1,5.6328,0.1551
824,id1,0.0,1,1,5.3812,0.1332
895,id28,0.0,1,1,5.6607,0.1366
896,id28,0.0,1,1,5.7051,0.1370
897,id28,0.0,1,1,5.7948,0.1426
898,id28,0.0,1,1,5.7507,0.4325
899,id28,0.0,1,1,5.6204,0.1277
900,id28,0.0,1,1,5.7763,0.3055
901,id28,0.0,1,1,5.6951,0.1450
910,id2,0.0,1,1,5.3964,0.1679
911,id2,0.0,1,1,5.6721,0.1291
912,id2,0.0,1,1,5.5680,0.1491
913,id2,0.0,1,1,5.6553,0.1302
914,id2,0.0,1,1,5.7109,0.2059
937,id33,0.0,1,1,5.3843,0.2454
938,id33,0.0,1,1,5.6550,0.1458
939,id33,0.0,1,1,5.6261,0.1695
940,id33,0.0,1,1,5.4450,0.2802
941,id33,0.0,1,1,5.5434,0.1586
942,id33,0.0,1,1,5.6295,0.2561
943,id33,0.0,1,1,5.6685,0.1487
960,id36,0.0,1,1,5.6387,0.1265
961,id36,0.0,1,1,5.7358,0.4581
962,id36,0.0,1,1,5.7388,0.1233
963,id36,0.0,1,1,5.7048,0.1355
964,id36,0.0,1,1,5.6630,0.3011
972,id38,0.0,1,1,5.6034,0.3977
973,id38,0.0,1,1,5.6474,0.1247
974,id38,0.0,1,1,5.7145,0.1903
975,id38,0.0,1,1,5.5318,0.3951
976,id38,0.0,1,1,5.6625,0.1434
977,id38,0.0,1,1,5.6151,0.1316
978,id38,0.0,1,1,5.4432,0.1397
979,id38,0.0,1,1,5.7479,0.4146
980,id38,0.0,1,1,5.7084,0.4072
981,id38,0.0,1,1,5.6230,0.1444
997,id40,0.0,1,1,5.7264,0.3765
998,id40,0.0,1,1,5.6202,0.3649
999,id40,0.0,1,1,5.6058,0.1470
1000,id40,0.0,1,1,5.7321,0.1347
1001,id40,0.0,1,1,5.7475,0.1454
1002,id40,0.0,1,1,5.7132,0.2789
1003,id40,0.0,1,1,5.6933,0.1693
1004,id40,0.0,1,1,5.7353,0.2058
1066,id49,0.0,1,1,5.6827,0.1502
1067,id49,0.0,1,1,5.4673,0.1372
1068,id49,0.0,1,1,5.6951,0.3750
1069,id49,0.0,1,1,5.4423,0.1730
1070,id49,0.0,1,1,5.5520,0.1529
1071,id49,0.0,1,1,5.7836,0.1494
1072,id49,0.0,1,1,5.6278,0.2790
1073,id49,0.0,1,1,5.7118,0.4613
1074,id49,0.0,1,1,5.5006,0.1555
1084,id50,0.0,1,1,5.4829,0.5350
1085,id50,0.0,1,1,5.4718,0.1804
1086,id50,0.0,1,1,5.5655,0.1672
1087,id50,0.0,1,1,5.6054,0.2308
1088,id50,0.0,1,1,5.3813,0.1345
1089,id50,0.0,1,1,5.6471,0.1475
1090,id50,0.0,1,1,5.5947,0.1599
1106,id53,0.0,1,1,5.6926,0.5284
1107,id53,0.0,1,1,5.7090,0.5080
1108,id53,0.0,1,1,5.4408,0.1425
1109,id53,0.0,1,1,5.4461,0.1375
1110,id53,0.0,1,1,5.5259,0.1337
1111,id53,0.0,1,1,5.3863,0.3595
1112,id53,0.0,1,1,5.4703,0.2742
1132,id56,0.0,1,1,5.6123,0.3792
1133,id56,0.0,1,1,5.5704,0.3182
1134,id56,0.0,1,1,5.6717,0.1474
1135,id56,0.0,1,1,5.5985,0.2342
1136,id56,0.0,1,1,5.6550,0.1525
1137,id56,0.0,1,1,5.6410,0.4429
1138,id56,0.0,1,1,5.5897,0.3704
1139,id57,0.0,1,1,5.4751,0.2825
1140,id57,0.0,1,1,5.4550,0.3376
1141,id57,0.0,1,1,5.7617,0.2989
1142,id57,0.0,1,1,5.4721,0.1311
1143,id57,0.0,1,1,5.6085,0.1757
1144,id57,0.0,1,1,5.3000,0.4824
1145,id57,0.0,1,1,5.4728,0.4999
1146,id57,0.0,1,1,5.6619,0.3983
1147,id58,0.0,1,1,5.5278,0.3433
1148,id58,0.0,1,1,5.5416,0.2442
1149,id58,0.0,1,1,5.7063,0.3704
1150,id58,0.0,1,1,5.5665,0.2310
1151,id58,0.0,1,1,5.5120,0.3287
1152,id58,0.0,1,1,5.4367,0.1379
1153,id58,0.0,1,1,5.7527,0.1416
1154,id58,0.0,1,1,5.5204,0.3428
1155,id58,0.0,1,1,5.5629,0.4099
1334,id10,1.0,1,1,5.6765,0.1816
1335,id10,1.0,1,1,5.6035,0.2189
1336,id10,1.0,1,1,5.7188,0.3365
1337,id10,1.0,1,1,5.6362,0.1354
1338,id10,1.0,1,1,5.4373,0.2412
1339,id10,1.0,1,1,5.3827,0.1165
1340,id10,1.0,1,1,5.6951,0.1864
1341,id10,1.0,1,1,5.6408,0.2760
1342,id10,1.0,1,1,5.6963,0.3842
1343,id10,1.0,1,1,5.6234,0.1296
1344,id10,1.0,1,1,5.5314,0.2421
1345,id10,1.0,1,1,5.4717,0.1246
1346,id10,1.0,1,1,5.7170,0.1841
1347,id10,1.0,1,1,5.6347,0.2194
1348,id10,1.0,1,1,5.7227,0.3342
1349,id10,1.0,1,1,5.6036,0.1524
1350,id10,1.0,1,1,5.4528,0.1226
1351,id10,1.0,1,1,5.7415,0.1855
1352,id10,1.0,1,1,5.6014,0.2168
1353,id10,1.0,1,1,5.6545,0.1411
1354,id10,1.0,1,1,5.5647,0.2438
1355,id10,1.0,1,1,5.6023,0.1399
1580,id17,1.0,1,1,5.6519,0.1290
1581,id17,1.0,1,1,5.7026,0.2302
1582,id17,1.0,1,1,5.6456,0.1948
1583,id17,1.0,1,1,5.7362,0.3220
1584,id17,1.0,1,1,5.6737,0.3510
1585,id17,1.0,1,1,5.6262,0.3809
1586,id17,1.0,1,1,5.6029,0.3549
1587,id17,1.0,1,1,5.7373,0.1451
1588,id17,1.0,1,1,5.6911,0.1325
1589,id17,1.0,1,1,5.6740,0.3490
1590,id17,1.0,1,1,5.6605,0.5092
1591,id17,1.0,1,1,5.7180,0.3932
1592,id17,1.0,1,1,5.6808,0.3893
1593,id17,1.0,1,1,5.6554,0.3706
1594,id17,1.0,1,1,5.7509,0.1452
1595,id17,1.0,1,1,5.7026,0.1304
1596,id17,1.0,1,1,5.6597,0.4325
1597,id17,1.0,1,1,5.6547,0.1187
1598,id17,1.0,1,1,5.7409,0.1994
1599,id17,1.0,1,1,5.7579,0.2137
1600,id17,1.0,1,1,5.6033,0.1394
1601,id17,1.0,1,1,5.6448,0.3588
1602,id17,1.0,1,1,5.7311,0.2946
1603,id17,1.0,1,1,5.6807,0.1134
1604,id17,1.0,1,1,5.6854,0.1303
1605,id17,1.0,1,1,5.6800,0.4204
1606,id17,1.0,1,1,5.6537,0.3950
1607,id17,1.0,1,1,5.7266,0.4478
1608,id17,1.0,1,1,5.7017,0.4868
1609,id17,1.0,1,1,5.5871,0.3771
1610,id17,1.0,1,1,5.6736,0.5417
1611,id17,1.0,1,1,5.6134,0.1493
1612,id17,1.0,1,1,5.6940,0.1228
1613,id17,1.0,1,1,5.7006,0.1400
1614,id17,1.0,1,1,5.6596,0.3193
1615,id17,1.0,1,1,5.7190,0.1242
1616,id17,1.0,1,1,5.7380,0.3387
1617,id17,1.0,1,1,5.6367,0.4381
1618,id17,1.0,1,1,5.5850,0.1328
1619,id17,1.0,1,1,5.6727,0.1299
1620,id17,1.0,1,1,5.6863,0.4039
1621,id17,1.0,1,1,5.6369,0.1268
1622,id17,1.0,1,1,5.7344,0.3143
1623,id17,1.0,1,1,5.6797,0.2225
1624,id17,1.0,1,1,5.6359,0.1452
1625,id17,1.0,1,1,5.6104,0.2321
1626,id17,1.0,1,1,5.6885,0.1157
1627,id17,1.0,1,1,5.6747,0.1293
1628,id17,1.0,1,1,5.6790,0.3466
1629,id17,1.0,1,1,5.6739,0.4053
1630,id17,1.0,1,1,5.7350,0.3097
1631,id17,1.0,1,1,5.7059,0.4180
1632,id17,1.0,1,1,5.6713,0.2298
1633,id17,1.0,1,1,5.6908,0.1330
1634,id17,1.0,1,1,5.6757,0.1145
1635,id17,1.0,1,1,5.6843,0.3857
1636,id17,1.0,1,1,5.6319,0.3869
1637,id17,1.0,1,1,5.7367,0.4404
1638,id17,1.0,1,1,5.7267,0.2307
1639,id17,1.0,1,1,5.6101,0.2412
1640,id17,1.0,1,1,5.6565,0.1375
1641,id17,1.0,1,1,5.6577,0.1434
1642,id17,1.0,1,1,5.6897,0.1297
1643,id17,1.0,1,1,5.6988,0.4222
1644,id17,1.0,1,1,5.7378,0.1312
1645,id17,1.0,1,1,5.7289,0.2124
1646,id17,1.0,1,1,5.6739,0.1465
1647,id17,1.0,1,1,5.7494,0.1763
1648,id17,1.0,1,1,5.6698,0.1053
1649,id17,1.0,1,1,5.6611,0.1313
1650,id17,1.0,1,1,5.7069,0.3833
1651,id17,1.0,1,1,5.6359,0.4264
1652,id17,1.0,1,1,5.7471,0.4255
1653,id17,1.0,1,1,5.6926,0.4031
1654,id17,1.0,1,1,5.6121,0.2686
1655,id17,1.0,1,1,5.6323,0.3674
1656,id17,1.0,1,1,5.6549,0.1350
1657,id17,1.0,1,1,5.7000,0.1140
1658,id17,1.0,1,1,5.6577,0.1184
1659,id17,1.0,1,1,5.7235,0.3429
1660,id17,1.0,1,1,5.6557,0.4682
1661,id17,1.0,1,1,5.6901,0.3971
1662,id17,1.0,1,1,5.6775,0.3763
1663,id17,1.0,1,1,5.6298,0.2863
1664,id17,1.0,1,1,5.6616,0.1357
1665,id17,1.0,1,1,5.6566,0.1220
1666,id17,1.0,1,1,5.6703,0.1285
1667,id17,1.0,1,1,5.6955,0.2888
1668,id17,1.0,1,1,5.6545,0.1947
1669,id17,1.0,1,1,5.7536,0.1817
1670,id17,1.0,1,1,5.6949,0.2158
1671,id17,1.0,1,1,5.6506,0.2370
1672,id17,1.0,1,1,5.6087,0.2309
1673,id17,1.0,1,1,5.6043,0.1354
1674,id17,1.0,1,1,5.6585,0.1163
1675,id17,1.0,1,1,5.6527,0.1342
1676,id17,1.0,1,1,5.6996,0.3674
1677,id17,1.0,1,1,5.6071,0.1931
1678,id17,1.0,1,1,5.7162,0.4696
1679,id17,1.0,1,1,5.7289,0.4040
1680,id17,1.0,1,1,5.6156,0.3731
1681,id17,1.0,1,1,5.6938,0.2290
1682,id17,1.0,1,1,5.6394,0.1405
1683,id17,1.0,1,1,5.6612,0.1341
1684,id17,1.0,1,1,5.6759,0.4798
1685,id17,1.0,1,1,5.6321,0.1280
1686,id17,1.0,1,1,5.7398,0.2016
1687,id17,1.0,1,1,5.7380,0.2186
1688,id17,1.0,1,1,5.5627,0.3598
1689,id17,1.0,1,1,5.7290,0.1482
1690,id17,1.0,1,1,5.6193,0.1400
1691,id17,1.0,1,1,5.6864,0.5048
1692,id17,1.0,1,1,5.6571,0.2001
1693,id17,1.0,1,1,5.7267,0.4357
1694,id17,1.0,1,1,5.7325,0.4174
1695,id17,1.0,1,1,5.6450,0.1420
1696,id17,1.0,1,1,5.6414,0.1426
1697,id17,1.0,1,1,5.7381,0.1482
1698,id17,1.0,1,1,5.6727,0.1263
1699,id17,1.0,1,1,5.6673,0.2318
1700,id17,1.0,1,1,5.6642,0.3773
1701,id17,1.0,1,1,5.6890,0.4033
1702,id17,1.0,1,1,5.7353,0.2227
1703,id17,1.0,1,1,5.6352,0.3584
1704,id17,1.0,1,1,5.6472,0.3522
1705,id17,1.0,1,1,5.7457,0.1378
1706,id19,1.0,1,1,5.7529,0.1611
1707,id19,1.0,1,1,5.7106,0.1226
1708,id19,1.0,1,1,5.7024,0.4350
1709,id19,1.0,1,1,5.6740,0.1431
1710,id19,1.0,1,1,5.6388,0.2193
1711,id19,1.0,1,1,5.6624,0.5543
1712,id19,1.0,1,1,5.7409,0.1117
1713,id19,1.0,1,1,5.7359,0.1382
1714,id19,1.0,1,1,5.6965,0.2060
1715,id19,1.0,1,1,5.6822,0.1668
1716,id19,1.0,1,1,5.6837,0.2817
1717,id19,1.0,1,1,5.6238,0.1206
1718,id19,1.0,1,1,5.6677,0.2129
1719,id19,1.0,1,1,5.6596,0.3307
1720,id19,1.0,1,1,5.7757,0.1222
1721,id19,1.0,1,1,5.6863,0.1609
1722,id19,1.0,1,1,5.6988,0.1285
1723,id19,1.0,1,1,5.6843,0.3486
1724,id19,1.0,1,1,5.6994,0.2862
1725,id19,1.0,1,1,5.6936,0.2651
1726,id19,1.0,1,1,5.6443,0.1372
1727,id19,1.0,1,1,5.6662,0.4455
1728,id19,1.0,1,1,5.6676,0.5460
1729,id19,1.0,1,1,5.7368,0.1252
1730,id19,1.0,1,1,5.6982,0.1177
1731,id19,1.0,1,1,5.7207,0.3370
1732,id19,1.0,1,1,5.6683,0.1226
1733,id19,1.0,1,1,5.6564,0.2692
1734,id19,1.0,1,1,5.6525,0.1280
1735,id19,1.0,1,1,5.6646,0.2213
1736,id19,1.0,1,1,5.6589,0.4417
1737,id19,1.0,1,1,5.7381,0.1265
1738,id19,1.0,1,1,5.6926,0.4511
1739,id19,1.0,1,1,5.6819,0.3438
1740,id19,1.0,1,1,5.6660,0.1320
1741,id19,1.0,1,1,5.6589,0.2136
1742,id19,1.0,1,1,5.6396,0.4622
1743,id19,1.0,1,1,5.7355,0.1327
1744,id19,1.0,1,1,5.7618,0.1544
1745,id19,1.0,1,1,5.6950,0.3749
1746,id19,1.0,1,1,5.7294,0.3389
1747,id19,1.0,1,1,5.6976,0.1719
1748,id19,1.0,1,1,5.6641,0.1678
1749,id19,1.0,1,1,5.6736,0.1353
1750,id19,1.0,1,1,5.6756,0.2140
1751,id19,1.0,1,1,5.6892,0.5516
1752,id19,1.0,1,1,5.7193,0.1510
1753,id19,1.0,1,1,5.6961,0.2450
1754,id19,1.0,1,1,5.6923,0.2365
1755,id19,1.0,1,1,5.6496,0.1167
1756,id19,1.0,1,1,5.6586,0.1284
1757,id19,1.0,1,1,5.6426,0.1461
1758,id19,1.0,1,1,5.6285,0.4798
1759,id19,1.0,1,1,5.7007,0.1625
1760,id19,1.0,1,1,5.6790,0.1180
1761,id19,1.0,1,1,5.6923,0.3425
1762,id19,1.0,1,1,5.7215,0.2842
1763,id19,1.0,1,1,5.6794,0.1293
1764,id19,1.0,1,1,5.6635,0.2101
1765,id19,1.0,1,1,5.7036,0.4276
1766,id19,1.0,1,1,5.7270,0.1214
1767,id19,1.0,1,1,5.6931,0.1574
1768,id19,1.0,1,1,5.6846,0.1258
1769,id19,1.0,1,1,5.6774,0.3361
1770,id19,1.0,1,1,5.6798,0.3734
1771,id19,1.0,1,1,5.7027,0.2650
1772,id19,1.0,1,1,5.6993,0.1330
1773,id19,1.0,1,1,5.6841,0.2116
1774,id19,1.0,1,1,5.6504,0.5382
1775,id1,1.0,1,1,5.4886,0.4140
1776,id1,1.0,1,1,5.6978,0.1955
1777,id1,1.0,1,1,5.5059,0.4659
1778,id1,1.0,1,1,5.5540,0.4913
1779,id1,1.0,1,1,5.6176,0.1472
1780,id1,1.0,1,1,5.6819,0.3315
1781,id1,1.0,1,1,5.5595,0.2963
1782,id1,1.0,1,1,5.5394,0.1308
1783,id1,1.0,1,1,5.4331,0.4569
1784,id1,1.0,1,1,5.6995,0.2178
1785,id1,1.0,1,1,5.5155,0.2135
1786,id1,1.0,1,1,5.6242,0.1411
1787,id1,1.0,1,1,5.6658,0.3464
1788,id1,1.0,1,1,5.4486,0.2940
1789,id1,1.0,1,1,5.5422,0.1397
1790,id1,1.0,1,1,5.4410,0.2785
1791,id1,1.0,1,1,5.6961,0.3612
1792,id1,1.0,1,1,5.5708,0.1977
1793,id1,1.0,1,1,5.6231,0.1354
1794,id1,1.0,1,1,5.5902,0.1357
1795,id1,1.0,1,1,5.6320,0.4392
1796,id1,1.0,1,1,5.5418,0.3772
1797,id1,1.0,1,1,5.4034,0.1279
1798,id1,1.0,1,1,5.4461,0.4629
1799,id1,1.0,1,1,5.5642,0.4813
1800,id1,1.0,1,1,5.5799,0.1421
1801,id1,1.0,1,1,5.6570,0.3397
1802,id1,1.0,1,1,5.4607,0.2912
1803,id1,1.0,1,1,5.6905,0.2244
1804,id1,1.0,1,1,5.4757,0.1338
1805,id1,1.0,1,1,5.3924,0.2750
1806,id1,1.0,1,1,5.7244,0.1252
1807,id1,1.0,1,1,5.5687,0.2045
1808,id1,1.0,1,1,5.6020,0.1190
1809,id1,1.0,1,1,5.5579,0.1224
1810,id1,1.0,1,1,5.5599,0.4657
1811,id1,1.0,1,1,5.6816,0.5086
1812,id1,1.0,1,1,5.7230,0.2076
1813,id1,1.0,1,1,5.5158,0.1303
1814,id1,1.0,1,1,5.7077,0.1424
1815,id1,1.0,1,1,5.5057,0.2404
1816,id1,1.0,1,1,5.6409,0.1372
1817,id1,1.0,1,1,5.5629,0.1456
1818,id1,1.0,1,1,5.6104,0.1494
1819,id1,1.0,1,1,5.7378,0.1856
1820,id1,1.0,1,1,5.4721,0.1295
1821,id1,1.0,1,1,5.5160,0.2848
1822,id1,1.0,1,1,5.6938,0.3023
1823,id1,1.0,1,1,5.4847,0.5050
1824,id1,1.0,1,1,5.5944,0.1351
1825,id1,1.0,1,1,5.6005,0.1390
1826,id1,1.0,1,1,5.6191,0.2482
1827,id1,1.0,1,1,5.4359,0.2966
1828,id1,1.0,1,1,5.6557,0.2098
1829,id1,1.0,1,1,5.5321,0.3980
1830,id1,1.0,1,1,5.5935,0.1288
1831,id1,1.0,1,1,5.5073,0.4770
1832,id1,1.0,1,1,5.7038,0.3081
1833,id1,1.0,1,1,5.5262,0.4945
1834,id1,1.0,1,1,5.5665,0.1323
1835,id1,1.0,1,1,5.5817,0.1430
1836,id1,1.0,1,1,5.6315,0.3872
1837,id1,1.0,1,1,5.6020,0.3773
1838,id1,1.0,1,1,5.7110,0.2170
1839,id1,1.0,1,1,5.4114,0.1300
1840,id1,1.0,1,1,5.4167,0.1432
1841,id1,1.0,1,1,5.6830,0.1389
1842,id1,1.0,1,1,5.6116,0.1595
1843,id1,1.0,1,1,5.6129,0.1322
1844,id1,1.0,1,1,5.6389,0.1462
1845,id1,1.0,1,1,5.6349,0.1587
1846,id1,1.0,1,1,5.4346,0.1269
1847,id1,1.0,1,1,5.4644,0.4350
1848,id1,1.0,1,1,5.6913,0.1937
1849,id1,1.0,1,1,5.5234,0.3973
1850,id1,1.0,1,1,5.5526,0.1340
1851,id1,1.0,1,1,5.5735,0.1371
1852,id1,1.0,1,1,5.6198,0.3373
1853,id1,1.0,1,1,5.6747,0.2893
1854,id1,1.0,1,1,5.7089,0.2157
1855,id1,1.0,1,1,5.4537,0.1304
1856,id1,1.0,1,1,5.4408,0.2894
1857,id1,1.0,1,1,5.6749,0.1293
1858,id1,1.0,1,1,5.5497,0.5487
1859,id1,1.0,1,1,5.6359,0.1309
1860,id1,1.0,1,1,5.5763,0.1383
1861,id1,1.0,1,1,5.6349,0.3365
1862,id1,1.0,1,1,5.5427,0.2887
1863,id1,1.0,1,1,5.6921,0.1299
1864,id1,1.0,1,1,5.3510,0.1303
1865,id1,1.0,1,1,5.4626,0.4409
1866,id1,1.0,1,1,5.6551,0.1348
1867,id1,1.0,1,1,5.4885,0.2330
1868,id1,1.0,1,1,5.6135,0.3411
1869,id1,1.0,1,1,5.5964,0.1418
1870,id1,1.0,1,1,5.6237,0.1573
1871,id1,1.0,1,1,5.5490,0.2981
1872,id1,1.0,1,1,5.7061,0.1844
1873,id1,1.0,1,1,5.5738,0.1313
1874,id1,1.0,1,1,5.4362,0.2988
1875,id1,1.0,1,1,5.7165,0.1387
1876,id1,1.0,1,1,5.5880,0.3861
1877,id1,1.0,1,1,5.6142,0.4355
1878,id1,1.0,1,1,5.5894,0.1397
1879,id1,1.0,1,1,5.6074,0.2332
1880,id1,1.0,1,1,5.5418,0.2895
1881,id1,1.0,1,1,5.6725,0.1848
1882,id1,1.0,1,1,5.4049,0.1312
1883,id1,1.0,1,1,5.5022,0.3847
1884,id1,1.0,1,1,5.6606,0.4202
1885,id1,1.0,1,1,5.6053,0.1499
1886,id1,1.0,1,1,5.6309,0.2598
1887,id1,1.0,1,1,5.4262,0.2012
1888,id1,1.0,1,1,5.6952,0.4210
1889,id1,1.0,1,1,5.5510,0.4231
1890,id1,1.0,1,1,5.5344,0.1333
1891,id1,1.0,1,1,5.5681,0.1429
1892,id1,1.0,1,1,5.6306,0.2555
1893,id1,1.0,1,1,5.7123,0.2953
1894,id1,1.0,1,1,5.5036,0.1365
1895,id1,1.0,1,1,5.4397,0.3749
1896,id1,1.0,1,1,5.7007,0.2034
1897,id1,1.0,1,1,5.5456,0.3965
1898,id1,1.0,1,1,5.5585,0.1409
1899,id1,1.0,1,1,5.5576,0.1458
1900,id1,1.0,1,1,5.6304,0.1600
1901,id1,1.0,1,1,5.5580,0.2709
1902,id1,1.0,1,1,5.6685,0.2951
1903,id1,1.0,1,1,5.4211,0.1386
1904,id1,1.0,1,1,5.4688,0.3856
1905,id1,1.0,1,1,5.6455,0.3288
1906,id1,1.0,1,1,5.4513,0.3539
1907,id1,1.0,1,1,5.5952,0.3114
1908,id1,1.0,1,1,5.6066,0.1348
1909,id1,1.0,1,1,5.6721,0.1528
1910,id1,1.0,1,1,5.5580,0.3763
1911,id1,1.0,1,1,5.4793,0.1311
2926,id28,1.0,1,1,5.6865,0.1307
2927,id28,1.0,1,1,5.7282,0.1387
2928,id28,1.0,1,1,5.7269,0.1472
2929,id28,1.0,1,1,5.7095,0.4513
2930,id28,1.0,1,1,5.7333,0.1492
2931,id28,1.0,1,1,5.6126,0.1279
2932,id28,1.0,1,1,5.7078,0.3937
2933,id28,1.0,1,1,5.6463,0.1294
2934,id28,1.0,1,1,5.7011,0.1438
2935,id28,1.0,1,1,5.7057,0.1411
2936,id28,1.0,1,1,5.7196,0.1481
2937,id28,1.0,1,1,5.7423,0.1415
2938,id28,1.0,1,1,5.7060,0.4474
2939,id28,1.0,1,1,5.6464,0.1270
2940,id28,1.0,1,1,5.7818,0.3720
2941,id28,1.0,1,1,5.6691,0.1421
2942,id28,1.0,1,1,5.6583,0.1538
2943,id28,1.0,1,1,5.6786,0.1224
2944,id28,1.0,1,1,5.7488,0.1371
2945,id28,1.0,1,1,5.6836,0.1370
2946,id28,1.0,1,1,5.7679,0.1360
2947,id28,1.0,1,1,5.6965,0.4811
2948,id28,1.0,1,1,5.7189,0.1448
2949,id28,1.0,1,1,5.5970,0.1284
2950,id28,1.0,1,1,5.7457,0.3154
2951,id28,1.0,1,1,5.6904,0.1327
2952,id28,1.0,1,1,5.6940,0.1362
2953,id28,1.0,1,1,5.6970,0.1069
2954,id28,1.0,1,1,5.6772,0.1354
2955,id28,1.0,1,1,5.6812,0.1343
2956,id28,1.0,1,1,5.8308,0.1434
2957,id28,1.0,1,1,5.7213,0.3000
2958,id28,1.0,1,1,5.7167,0.1460
2959,id28,1.0,1,1,5.6047,0.1249
2960,id28,1.0,1,1,5.7196,0.3150
2961,id28,1.0,1,1,5.7002,0.1320
2962,id28,1.0,1,1,5.6621,0.1235
2963,id28,1.0,1,1,5.6906,0.1399
2964,id28,1.0,1,1,5.6552,0.1383
2965,id28,1.0,1,1,5.7613,0.1428
2966,id28,1.0,1,1,5.7067,0.1829
2967,id28,1.0,1,1,5.7345,0.1510
2968,id28,1.0,1,1,5.6402,0.1238
2969,id28,1.0,1,1,5.7274,0.4435
2970,id28,1.0,1,1,5.6926,0.1414
2971,id28,1.0,1,1,5.6274,0.1361
2972,id28,1.0,1,1,5.7028,0.1370
2973,id28,1.0,1,1,5.6728,0.1450
2974,id28,1.0,1,1,5.7243,0.1469
2975,id28,1.0,1,1,5.7134,0.4660
2976,id28,1.0,1,1,5.7299,0.1489
2977,id28,1.0,1,1,5.6087,0.1242
2978,id28,1.0,1,1,5.6995,0.1324
2979,id28,1.0,1,1,5.6759,0.1354
2980,id28,1.0,1,1,5.6802,0.1357
2981,id28,1.0,1,1,5.6489,0.3911
2982,id28,1.0,1,1,5.6859,0.1295
2983,id28,1.0,1,1,5.5870,0.1243
2984,id28,1.0,1,1,5.6816,0.1349
2985,id28,1.0,1,1,5.7247,0.1240
2986,id28,1.0,1,1,5.6829,0.1067
2987,id28,1.0,1,1,5.7130,0.1370
2988,id28,1.0,1,1,5.5981,0.1420
2989,id28,1.0,1,1,5.6972,0.1460
2990,id28,1.0,1,1,5.7293,0.2841
2991,id28,1.0,1,1,5.7552,0.1532
2992,id28,1.0,1,1,5.6350,0.1264
2993,id28,1.0,1,1,5.6989,0.4041
2994,id28,1.0,1,1,5.6999,0.2221
2995,id28,1.0,1,1,5.6967,0.1486
2996,id28,1.0,1,1,5.5960,0.1382
2997,id28,1.0,1,1,5.7148,0.1342
2998,id28,1.0,1,1,5.7008,0.1408
2999,id28,1.0,1,1,5.6814,0.4062
3000,id28,1.0,1,1,5.6161,0.1364
3001,id28,1.0,1,1,5.7305,0.3808
3002,id28,1.0,1,1,5.6806,0.1490
3003,id28,1.0,1,1,5.7222,0.1324
3004,id28,1.0,1,1,5.7183,0.1355
3005,id28,1.0,1,1,5.6465,0.1426
3006,id28,1.0,1,1,5.6878,0.3736
3007,id28,1.0,1,1,5.6785,0.4056
3008,id28,1.0,1,1,5.7659,0.1536
3009,id28,1.0,1,1,5.6461,0.1322
3010,id28,1.0,1,1,5.7276,0.3857
3011,id28,1.0,1,1,5.7308,0.1520
3012,id28,1.0,1,1,5.5639,0.1271
3013,id28,1.0,1,1,5.6907,0.1399
3014,id28,1.0,1,1,5.6936,0.1456
3015,id28,1.0,1,1,5.7068,0.1471
3016,id28,1.0,1,1,5.7304,0.1516
3017,id28,1.0,1,1,5.6772,0.1282
3018,id28,1.0,1,1,5.7020,0.3852
3019,id28,1.0,1,1,5.7120,0.1417
3020,id28,1.0,1,1,5.7156,0.1300
3021,id28,1.0,1,1,5.7224,0.1331
3022,id28,1.0,1,1,5.6765,0.1380
3023,id28,1.0,1,1,5.6944,0.4351
3024,id28,1.0,1,1,5.7330,0.1480
3025,id28,1.0,1,1,5.6062,0.1265
3026,id28,1.0,1,1,5.7281,0.2904
3027,id28,1.0,1,1,5.6782,0.1293
3028,id28,1.0,1,1,5.7037,0.1444
3029,id28,1.0,1,1,5.6896,0.1307
3030,id28,1.0,1,1,5.6966,0.1368
3031,id28,1.0,1,1,5.6896,0.1430
3032,id28,1.0,1,1,5.6829,0.1375
3033,id28,1.0,1,1,5.7301,0.1546
3034,id28,1.0,1,1,5.5908,0.1311
3035,id28,1.0,1,1,5.7371,0.4077
3036,id28,1.0,1,1,5.6741,0.1346
3037,id28,1.0,1,1,5.7038,0.1520
3038,id28,1.0,1,1,5.6614,0.1083
3039,id28,1.0,1,1,5.7194,0.1443
3040,id28,1.0,1,1,5.6421,0.1449
3041,id28,1.0,1,1,5.6998,0.1465
3042,id28,1.0,1,1,5.6629,0.1505
3043,id28,1.0,1,1,5.6236,0.1332
3044,id28,1.0,1,1,5.7066,0.3800
3045,id28,1.0,1,1,5.6672,0.1421
3046,id28,1.0,1,1,5.6914,0.1514
3047,id28,1.0,1,1,5.7305,0.1430
3048,id28,1.0,1,1,5.7212,0.1335
3049,id28,1.0,1,1,5.7285,0.1409
3050,id28,1.0,1,1,5.6691,0.1889
3051,id28,1.0,1,1,5.7118,0.1309
3052,id28,1.0,1,1,5.7148,0.1473
3053,id28,1.0,1,1,5.5992,0.1302
3054,id28,1.0,1,1,5.7617,0.1842
3055,id28,1.0,1,1,5.6661,0.1409
3056,id28,1.0,1,1,5.7170,0.4337
3057,id28,1.0,1,1,5.6290,0.1333
3058,id28,1.0,1,1,5.6681,0.1364
3059,id28,1.0,1,1,5.6508,0.1417
3060,id28,1.0,1,1,5.6832,0.3867
3061,id28,1.0,1,1,5.6950,0.3579
3062,id28,1.0,1,1,5.7370,0.1494
3063,id28,1.0,1,1,5.6019,0.1251
3064,id28,1.0,1,1,5.7068,0.4742
3065,id28,1.0,1,1,5.6707,0.1287
3066,id28,1.0,1,1,5.7086,0.1311
3067,id28,1.0,1,1,5.6814,0.1190
3068,id28,1.0,1,1,5.6880,0.1310
3069,id28,1.0,1,1,5.6727,0.1349
3070,id28,1.0,1,1,5.6991,0.1402
3071,id28,1.0,1,1,5.7333,0.1419
3072,id28,1.0,1,1,5.7236,0.3153
3073,id28,1.0,1,1,5.6823,0.1341
3074,id28,1.0,1,1,5.7021,0.1410
3075,id28,1.0,1,1,5.6273,0.1147
3076,id28,1.0,1,1,5.7118,0.1383
3077,id28,1.0,1,1,5.6768,0.1475
3078,id28,1.0,1,1,5.7545,0.1426
3079,id28,1.0,1,1,5.6892,0.2799
3080,id28,1.0,1,1,5.7220,0.1556
3081,id28,1.0,1,1,5.5840,0.1301
3082,id28,1.0,1,1,5.7260,0.5160
3083,id28,1.0,1,1,5.7045,0.1434
3084,id28,1.0,1,1,5.6972,0.1478
3085,id28,1.0,1,1,5.6584,0.1317
3086,id28,1.0,1,1,5.7129,0.1368
3087,id28,1.0,1,1,5.7712,0.1426
3088,id28,1.0,1,1,5.7090,0.3734
3089,id28,1.0,1,1,5.5633,0.1316
3090,id28,1.0,1,1,5.7341,0.3010
3091,id28,1.0,1,1,5.6747,0.2973
3092,id28,1.0,1,1,5.7209,0.1502
3093,id28,1.0,1,1,5.5987,0.1317
3094,id28,1.0,1,1,5.6985,0.1383
3095,id28,1.0,1,1,5.6603,0.1386
3096,id28,1.0,1,1,5.8041,0.1426
3097,id28,1.0,1,1,5.7392,0.3528
3098,id28,1.0,1,1,5.5876,0.1316
3099,id28,1.0,1,1,5.6820,0.4568
3100,id28,1.0,1,1,5.7027,0.1502
3101,id28,1.0,1,1,5.6413,0.1317
3102,id28,1.0,1,1,5.7160,0.1336
3103,id28,1.0,1,1,5.6715,0.1456
3104,id28,1.0,1,1,5.7433,0.1430
3105,id28,1.0,1,1,5.6784,0.4059
3106,id28,1.0,1,1,5.7423,0.1501
3107,id28,1.0,1,1,5.6149,0.1271
3108,id28,1.0,1,1,5.7155,0.3602
3109,id28,1.0,1,1,5.6296,0.1308
3110,id28,1.0,1,1,5.7046,0.1339
3111,id28,1.0,1,1,5.6318,0.1486
3112,id28,1.0,1,1,5.7183,0.1413
3113,id28,1.0,1,1,5.6877,0.1840
3114,id28,1.0,1,1,5.7238,0.1487
3115,id28,1.0,1,1,5.5924,0.1266
3116,id28,1.0,1,1,5.7247,0.3419
3117,id28,1.0,1,1,5.6208,0.1401
3118,id28,1.0,1,1,5.7414,0.1403
3119,id28,1.0,1,1,5.6092,0.1316
3120,id28,1.0,1,1,5.7068,0.1333
3121,id28,1.0,1,1,5.6894,0.1436
3122,id28,1.0,1,1,5.7501,0.5844
3123,id28,1.0,1,1,5.7029,0.4127
3124,id28,1.0,1,1,5.7326,0.1525
3125,id28,1.0,1,1,5.5851,0.1313
3126,id28,1.0,1,1,5.7109,0.4572
3127,id28,1.0,1,1,5.7084,0.1374
3128,id28,1.0,1,1,5.6759,0.1525
3129,id28,1.0,1,1,5.6238,0.1108
3130,id28,1.0,1,1,5.7078,0.1404
3131,id28,1.0,1,1,5.6897,0.4675
3132,id28,1.0,1,1,5.6936,0.2869
3133,id28,1.0,1,1,5.6444,0.1306
3134,id28,1.0,1,1,5.7280,0.3044
3135,id28,1.0,1,1,5.6892,0.1423
3136,id28,1.0,1,1,5.7123,0.1613
3137,id28,1.0,1,1,5.6404,0.1397
3138,id28,1.0,1,1,5.7011,0.1352
3139,id28,1.0,1,1,5.7674,0.1504
3140,id28,1.0,1,1,5.6920,0.1417
3141,id28,1.0,1,1,5.7150,0.1463
3142,id28,1.0,1,1,5.6296,0.1214
3143,id28,1.0,1,1,5.6851,0.1442
3144,id28,1.0,1,1,5.6521,0.1277
3145,id28,1.0,1,1,5.7168,0.1364
3146,id28,1.0,1,1,5.7110,0.1438
3147,id28,1.0,1,1,5.6759,0.4736
3148,id28,1.0,1,1,5.6663,0.1410
3149,id28,1.0,1,1,5.7345,0.1509
3150,id28,1.0,1,1,5.6134,0.1354
3151,id28,1.0,1,1,5.6807,0.1415
3152,id28,1.0,1,1,5.7179,0.1493
3153,id28,1.0,1,1,5.7074,0.1149
3154,id28,1.0,1,1,5.6682,0.1455
3155,id28,1.0,1,1,5.6416,0.1418
3156,id28,1.0,1,1,5.7003,0.1340
3157,id28,1.0,1,1,5.7315,0.1538
3158,id28,1.0,1,1,5.6234,0.1249
3159,id28,1.0,1,1,5.6804,0.2996
3160,id28,1.0,1,1,5.6944,0.4061
3161,id28,1.0,1,1,5.6981,0.1375
3162,id28,1.0,1,1,5.6942,0.1324
3257,id2,1.0,1,1,5.3643,0.4152
3258,id2,1.0,1,1,5.3647,0.1908
3259,id2,1.0,1,1,5.5181,0.1307
3260,id2,1.0,1,1,5.6218,0.3583
3261,id2,1.0,1,1,5.7078,0.2831
3262,id2,1.0,1,1,5.5633,0.1405
3263,id2,1.0,1,1,5.6422,0.3516
3264,id2,1.0,1,1,5.7380,0.3433
3265,id2,1.0,1,1,5.3814,0.4771
3266,id2,1.0,1,1,5.3401,0.6109
3267,id2,1.0,1,1,5.5218,0.3709
3268,id2,1.0,1,1,5.5120,0.1316
3269,id2,1.0,1,1,5.7258,0.1280
3270,id2,1.0,1,1,5.5691,0.2904
3271,id2,1.0,1,1,5.6051,0.5200
3272,id2,1.0,1,1,5.5208,0.4561
3273,id2,1.0,1,1,5.6688,0.4107
3274,id2,1.0,1,1,5.4090,0.1688
3275,id2,1.0,1,1,5.4593,0.5197
3276,id2,1.0,1,1,5.4527,0.3624
3277,id2,1.0,1,1,5.5276,0.1273
3278,id2,1.0,1,1,5.5999,0.4063
3279,id2,1.0,1,1,5.6889,0.1233
3280,id2,1.0,1,1,5.6059,0.2810
3281,id2,1.0,1,1,5.6337,0.3742
3282,id2,1.0,1,1,5.4378,0.5102
3283,id2,1.0,1,1,5.6972,0.4162
3284,id2,1.0,1,1,5.3477,0.3970
3285,id2,1.0,1,1,5.3439,0.2770
3286,id2,1.0,1,1,5.2739,0.1289
3287,id2,1.0,1,1,5.4805,0.1271
3288,id2,1.0,1,1,5.7251,0.1250
3289,id2,1.0,1,1,5.5374,0.1314
3290,id2,1.0,1,1,5.6375,0.1297
3291,id2,1.0,1,1,5.5693,0.2248
3292,id2,1.0,1,1,5.7079,0.3376
3293,id2,1.0,1,1,5.4223,0.4267
3294,id2,1.0,1,1,5.3578,0.3712
3295,id2,1.0,1,1,5.4187,0.3045
3296,id2,1.0,1,1,5.5263,0.1284
3297,id2,1.0,1,1,5.6254,0.3945
3298,id2,1.0,1,1,5.6712,0.1271
3299,id2,1.0,1,1,5.5866,0.2858
3300,id2,1.0,1,1,5.6563,0.5111
3301,id2,1.0,1,1,5.4733,0.3279
3302,id2,1.0,1,1,5.7192,0.3178
3303,id2,1.0,1,1,5.3981,0.1786
3304,id2,1.0,1,1,5.4005,0.5094
3305,id2,1.0,1,1,5.5224,0.1290
3306,id2,1.0,1,1,5.5669,0.1284
3307,id2,1.0,1,1,5.6792,0.1118
3308,id2,1.0,1,1,5.5992,0.2843
3309,id2,1.0,1,1,5.6699,0.1191
3310,id2,1.0,1,1,5.4638,0.4496
3311,id2,1.0,1,1,5.7052,0.1368
3312,id2,1.0,1,1,5.4228,0.4296
3313,id2,1.0,1,1,5.4591,0.2874
3314,id2,1.0,1,1,5.4227,0.1382
3315,id2,1.0,1,1,5.5473,0.1315
3316,id2,1.0,1,1,5.6568,0.1474
3317,id2,1.0,1,1,5.6541,0.1271
3318,id2,1.0,1,1,5.5512,0.1462
3319,id2,1.0,1,1,5.4308,0.2596
3320,id2,1.0,1,1,5.6638,0.1513
3321,id2,1.0,1,1,5.4016,0.4242
3322,id2,1.0,1,1,5.5292,0.1253
3323,id2,1.0,1,1,5.6185,0.3599
3324,id2,1.0,1,1,5.7376,0.1233
3325,id2,1.0,1,1,5.5884,0.1407
3326,id2,1.0,1,1,5.6443,0.4838
3327,id2,1.0,1,1,5.5309,0.2220
3328,id2,1.0,1,1,5.6897,0.1473
3329,id2,1.0,1,1,5.3257,0.4763
3330,id2,1.0,1,1,5.3624,0.3612
3331,id2,1.0,1,1,5.3978,0.1213
3332,id2,1.0,1,1,5.6055,0.3590
3333,id2,1.0,1,1,5.6855,0.2839
3334,id2,1.0,1,1,5.5610,0.2893
3335,id2,1.0,1,1,5.6686,0.2320
3336,id2,1.0,1,1,5.4725,0.3672
3337,id2,1.0,1,1,5.6968,0.1487
3338,id2,1.0,1,1,5.3911,0.4727
3339,id2,1.0,1,1,5.4071,0.4159
3340,id2,1.0,1,1,5.4239,0.4189
3341,id2,1.0,1,1,5.4840,0.1275
3342,id2,1.0,1,1,5.6259,0.1351
3343,id2,1.0,1,1,5.6519,0.2864
3344,id2,1.0,1,1,5.4969,0.4205
3345,id2,1.0,1,1,5.6646,0.1283
3346,id2,1.0,1,1,5.4866,0.4389
3347,id2,1.0,1,1,5.6740,0.1426
3348,id2,1.0,1,1,5.3292,0.1307
3349,id2,1.0,1,1,5.4018,0.1266
3350,id2,1.0,1,1,5.6520,0.1317
3351,id2,1.0,1,1,5.6269,0.3843
3352,id2,1.0,1,1,5.5561,0.5025
3353,id2,1.0,1,1,5.3625,0.4229
3354,id2,1.0,1,1,5.3469,0.1736
3355,id2,1.0,1,1,5.4075,0.1841
3356,id2,1.0,1,1,5.4799,0.1285
3357,id2,1.0,1,1,5.6186,0.4092
3358,id2,1.0,1,1,5.6618,0.1327
3359,id2,1.0,1,1,5.5678,0.3876
3360,id2,1.0,1,1,5.6259,0.1318
3361,id2,1.0,1,1,5.4387,0.3413
3362,id2,1.0,1,1,5.7050,0.1505
3363,id2,1.0,1,1,5.3691,0.4470
3364,id2,1.0,1,1,5.3854,0.2842
3365,id2,1.0,1,1,5.4165,0.2542
3366,id2,1.0,1,1,5.4638,0.1242
3367,id2,1.0,1,1,5.6687,0.1715
3368,id2,1.0,1,1,5.5576,0.2830
3369,id2,1.0,1,1,5.6214,0.4199
3370,id2,1.0,1,1,5.4597,0.3224
3371,id2,1.0,1,1,5.7016,0.3979
3372,id2,1.0,1,1,5.4071,0.4280
3373,id2,1.0,1,1,5.3642,0.1822
3374,id2,1.0,1,1,5.4096,0.1310
3375,id2,1.0,1,1,5.5468,0.1311
3376,id2,1.0,1,1,5.6575,0.3462
3377,id2,1.0,1,1,5.6555,0.1316
3378,id2,1.0,1,1,5.5897,0.2950
3379,id2,1.0,1,1,5.6504,0.1349
3380,id2,1.0,1,1,5.6506,0.3257
3381,id2,1.0,1,1,5.4202,0.4713
3382,id2,1.0,1,1,5.3640,0.2810
3383,id2,1.0,1,1,5.4210,0.1218
3384,id2,1.0,1,1,5.4776,0.1320
3385,id2,1.0,1,1,5.5820,0.4963
3386,id2,1.0,1,1,5.6341,0.5240
3387,id2,1.0,1,1,5.5097,0.4730
3388,id2,1.0,1,1,5.7335,0.1472
3389,id2,1.0,1,1,5.4336,0.2914
3390,id2,1.0,1,1,5.5097,0.1372
3391,id2,1.0,1,1,5.6221,0.3667
3392,id2,1.0,1,1,5.6913,0.1298
3393,id2,1.0,1,1,5.5486,0.1950
3394,id2,1.0,1,1,5.6765,0.1515
3395,id2,1.0,1,1,5.3967,0.2533
3396,id2,1.0,1,1,5.6588,0.1465
3397,id2,1.0,1,1,5.4330,0.4246
3398,id2,1.0,1,1,5.3050,0.1891
3399,id2,1.0,1,1,5.5415,0.4785
3400,id2,1.0,1,1,5.4758,0.1229
3401,id2,1.0,1,1,5.6135,0.3388
3402,id2,1.0,1,1,5.6700,0.1215
3403,id2,1.0,1,1,5.4445,0.1272
3404,id2,1.0,1,1,5.5983,0.4796
3405,id2,1.0,1,1,5.6568,0.3367
3866,id33,1.0,1,1,5.6072,0.1395
3867,id33,1.0,1,1,5.6219,0.4340
3868,id33,1.0,1,1,5.3762,0.1331
3869,id33,1.0,1,1,5.4192,0.1630
3870,id33,1.0,1,1,5.5458,0.3978
3871,id33,1.0,1,1,5.6118,0.1445
3872,id33,1.0,1,1,5.6520,0.1361
3873,id33,1.0,1,1,5.6356,0.1347
3874,id33,1.0,1,1,5.4441,0.1305
3875,id33,1.0,1,1,5.3862,0.1581
3876,id33,1.0,1,1,5.4997,0.4218
3877,id33,1.0,1,1,5.5693,0.1264
3878,id33,1.0,1,1,5.6413,0.3624
3879,id33,1.0,1,1,5.5621,0.1290
3880,id33,1.0,1,1,5.6652,0.1570
3881,id33,1.0,1,1,5.4552,0.1778
3882,id33,1.0,1,1,5.4377,0.3084
3883,id33,1.0,1,1,5.5406,0.1551
3884,id33,1.0,1,1,5.4743,0.2697
3885,id33,1.0,1,1,5.6703,0.1220
3886,id33,1.0,1,1,5.5788,0.1477
3887,id33,1.0,1,1,5.6341,0.1396
3888,id33,1.0,1,1,5.5923,0.1291
3889,id33,1.0,1,1,5.5981,0.1602
3890,id33,1.0,1,1,5.4563,0.1270
3891,id33,1.0,1,1,5.5298,0.1534
3892,id33,1.0,1,1,5.5686,0.1384
3893,id33,1.0,1,1,5.1875,0.4110
3894,id33,1.0,1,1,5.6592,0.1469
3895,id33,1.0,1,1,5.6126,0.4343
3896,id33,1.0,1,1,5.3967,0.1306
3897,id33,1.0,1,1,5.4452,0.1593
3898,id33,1.0,1,1,5.7319,0.1187
3899,id33,1.0,1,1,5.5735,0.1489
3900,id33,1.0,1,1,5.4729,0.2440
3901,id33,1.0,1,1,5.6289,0.1442
3902,id33,1.0,1,1,5.6370,0.1402
3903,id33,1.0,1,1,5.6800,0.1789
3904,id33,1.0,1,1,5.3949,0.1580
3905,id33,1.0,1,1,5.5427,0.1525
3906,id33,1.0,1,1,5.5148,0.2393
3907,id33,1.0,1,1,5.7152,0.1269
3908,id33,1.0,1,1,5.5615,0.2876
3909,id33,1.0,1,1,5.3647,0.4371
3910,id33,1.0,1,1,5.6375,0.1379
3911,id33,1.0,1,1,5.5426,0.1379
3912,id33,1.0,1,1,5.6074,0.1602
3913,id33,1.0,1,1,5.4467,0.1278
3914,id33,1.0,1,1,5.4258,0.1581
3915,id33,1.0,1,1,5.5297,0.1419
3916,id33,1.0,1,1,5.5233,0.5361
3917,id33,1.0,1,1,5.7556,0.1241
3918,id33,1.0,1,1,5.5803,0.1432
3919,id33,1.0,1,1,5.3944,0.2757
3920,id33,1.0,1,1,5.6663,0.3989
3921,id33,1.0,1,1,5.5737,0.1307
3922,id33,1.0,1,1,5.4829,0.1309
3923,id33,1.0,1,1,5.5330,0.1424
3924,id33,1.0,1,1,5.5338,0.2106
3925,id33,1.0,1,1,5.7774,0.1214
3926,id33,1.0,1,1,5.6209,0.1417
3927,id33,1.0,1,1,5.4802,0.4050
3928,id33,1.0,1,1,5.6615,0.1458
3929,id33,1.0,1,1,5.6153,0.1254
3930,id33,1.0,1,1,5.6056,0.3927
3931,id33,1.0,1,1,5.4497,0.1330
3932,id33,1.0,1,1,5.4405,0.1619
3933,id33,1.0,1,1,5.6008,0.3104
3934,id33,1.0,1,1,5.7069,0.1193
3935,id33,1.0,1,1,5.5747,0.1506
3936,id33,1.0,1,1,5.5160,0.3957
3937,id33,1.0,1,1,5.6483,0.1428
3938,id33,1.0,1,1,5.5470,0.1298
3939,id33,1.0,1,1,5.6401,0.4120
3940,id33,1.0,1,1,5.3882,0.1301
3941,id33,1.0,1,1,5.3970,0.1653
3942,id33,1.0,1,1,5.5358,0.1700
3943,id33,1.0,1,1,5.5765,0.3185
3944,id33,1.0,1,1,5.7096,0.1224
3945,id33,1.0,1,1,5.5604,0.4328
3946,id33,1.0,1,1,5.3444,0.2490
3947,id33,1.0,1,1,5.6612,0.1421
3948,id33,1.0,1,1,5.5707,0.1276
3949,id33,1.0,1,1,5.6418,0.3541
3950,id33,1.0,1,1,5.4586,0.1378
3951,id33,1.0,1,1,5.4271,0.1570
3952,id33,1.0,1,1,5.5302,0.1525
3953,id33,1.0,1,1,5.5285,0.2545
3954,id33,1.0,1,1,5.6462,0.1237
3955,id33,1.0,1,1,5.5787,0.1452
3956,id33,1.0,1,1,5.3730,0.2524
3957,id33,1.0,1,1,5.6544,0.1436
3958,id33,1.0,1,1,5.5883,0.1349
3959,id33,1.0,1,1,5.4726,0.1317
3960,id33,1.0,1,1,5.4441,0.1641
3961,id33,1.0,1,1,5.5173,0.1612
3962,id33,1.0,1,1,5.5365,0.3116
3963,id33,1.0,1,1,5.5812,0.1509
3964,id33,1.0,1,1,5.4887,0.4453
3965,id33,1.0,1,1,5.6774,0.1589
3966,id33,1.0,1,1,5.4075,0.3670
3967,id33,1.0,1,1,5.4003,0.1655
3968,id33,1.0,1,1,5.5343,0.1649
3969,id33,1.0,1,1,5.4645,0.5023
3970,id33,1.0,1,1,5.7443,0.1285
3971,id33,1.0,1,1,5.5660,0.1508
4382,id38,1.0,1,1,5.5859,0.4521
4383,id38,1.0,1,1,5.7071,0.1925
4384,id38,1.0,1,1,5.5739,0.1226
4385,id38,1.0,1,1,5.5924,0.3073
4386,id38,1.0,1,1,5.6394,0.2866
4387,id38,1.0,1,1,5.6103,0.1468
4388,id38,1.0,1,1,5.5362,0.1292
4389,id38,1.0,1,1,5.6706,0.4615
4390,id38,1.0,1,1,5.6082,0.3499
4391,id38,1.0,1,1,5.6194,0.1161
4392,id38,1.0,1,1,5.6925,0.1385
4393,id38,1.0,1,1,5.6140,0.1401
4394,id38,1.0,1,1,5.5539,0.1330
4395,id38,1.0,1,1,5.5096,0.1326
4396,id38,1.0,1,1,5.7197,0.3253
4397,id38,1.0,1,1,5.6114,0.1514
4398,id38,1.0,1,1,5.6471,0.1285
4399,id38,1.0,1,1,5.6245,0.1819
4400,id38,1.0,1,1,5.6246,0.1404
4401,id38,1.0,1,1,5.5844,0.1221
4402,id38,1.0,1,1,5.5312,0.1286
4403,id38,1.0,1,1,5.7464,0.4633
4404,id38,1.0,1,1,5.7261,0.2511
4405,id38,1.0,1,1,5.6472,0.1244
4406,id38,1.0,1,1,5.7026,0.1867
4407,id38,1.0,1,1,5.4922,0.4157
4408,id38,1.0,1,1,5.6310,0.1429
4409,id38,1.0,1,1,5.6210,0.1284
4410,id38,1.0,1,1,5.4775,0.1361
4411,id38,1.0,1,1,5.5822,0.4693
4412,id38,1.0,1,1,5.7002,0.4168
4413,id38,1.0,1,1,5.7071,0.1511
4414,id38,1.0,1,1,5.5978,0.4293
4415,id38,1.0,1,1,5.6358,0.1241
4416,id38,1.0,1,1,5.6615,0.1853
4417,id38,1.0,1,1,5.6418,0.1417
4418,id38,1.0,1,1,5.6364,0.1320
4419,id38,1.0,1,1,5.4808,0.1377
4420,id38,1.0,1,1,5.4971,0.1446
4421,id38,1.0,1,1,5.7002,0.4686
4422,id38,1.0,1,1,5.6415,0.1487
4423,id38,1.0,1,1,5.6188,0.5364
4424,id38,1.0,1,1,5.6473,0.4621
4425,id38,1.0,1,1,5.7104,0.1890
4426,id38,1.0,1,1,5.5103,0.3992
4427,id38,1.0,1,1,5.5867,0.1440
4428,id38,1.0,1,1,5.5387,0.1297
4429,id38,1.0,1,1,5.7424,0.1407
4430,id38,1.0,1,1,5.7286,0.4037
4431,id38,1.0,1,1,5.6791,0.1438
4432,id38,1.0,1,1,5.5943,0.4357
4433,id38,1.0,1,1,5.6550,0.4678
4434,id38,1.0,1,1,5.6657,0.1995
4435,id38,1.0,1,1,5.5031,0.4124
4436,id38,1.0,1,1,5.6488,0.1442
4437,id38,1.0,1,1,5.6063,0.1278
4438,id38,1.0,1,1,5.4004,0.2248
4439,id38,1.0,1,1,5.6948,0.3658
4440,id38,1.0,1,1,5.6196,0.3689
4441,id38,1.0,1,1,5.7011,0.1395
4442,id38,1.0,1,1,5.6181,0.1149
4443,id38,1.0,1,1,5.6023,0.1172
4444,id38,1.0,1,1,5.4853,0.4041
4445,id38,1.0,1,1,5.7094,0.5064
4446,id38,1.0,1,1,5.5693,0.5304
4447,id38,1.0,1,1,5.6501,0.1247
4448,id38,1.0,1,1,5.7049,0.1938
4449,id38,1.0,1,1,5.4576,0.2891
4450,id38,1.0,1,1,5.5729,0.1449
4451,id38,1.0,1,1,5.3865,0.1417
4452,id38,1.0,1,1,5.5669,0.4614
4453,id38,1.0,1,1,5.7070,0.4640
4454,id38,1.0,1,1,5.6584,0.1509
4455,id38,1.0,1,1,5.6555,0.4068
4456,id38,1.0,1,1,5.6597,0.1226
4457,id38,1.0,1,1,5.7254,0.2048
4458,id38,1.0,1,1,5.6135,0.1252
4459,id38,1.0,1,1,5.5202,0.1514
4460,id38,1.0,1,1,5.4788,0.4741
4461,id38,1.0,1,1,5.6807,0.3555
4462,id38,1.0,1,1,5.6748,0.1500
4463,id38,1.0,1,1,5.5687,0.4318
4464,id38,1.0,1,1,5.6749,0.1157
4465,id38,1.0,1,1,5.7402,0.1865
4466,id38,1.0,1,1,5.5404,0.4859
4467,id38,1.0,1,1,5.6110,0.1402
4468,id38,1.0,1,1,5.6203,0.1228
4469,id38,1.0,1,1,5.5326,0.1341
4470,id38,1.0,1,1,5.7045,0.4060
4471,id38,1.0,1,1,5.7098,0.1491
4472,id38,1.0,1,1,5.6589,0.5421
4473,id38,1.0,1,1,5.6245,0.1167
4474,id38,1.0,1,1,5.6937,0.1920
4475,id38,1.0,1,1,5.5179,0.4310
4476,id38,1.0,1,1,5.5910,0.1455
4477,id38,1.0,1,1,5.4579,0.1334
4478,id38,1.0,1,1,5.4981,0.1361
4479,id38,1.0,1,1,5.5626,0.1326
4480,id38,1.0,1,1,5.7382,0.2636
4481,id38,1.0,1,1,5.6665,0.1467
4697,id40,1.0,1,1,5.6975,0.3597
4698,id40,1.0,1,1,5.6331,0.3657
4699,id40,1.0,1,1,5.6488,0.1458
4700,id40,1.0,1,1,5.7427,0.2899
4701,id40,1.0,1,1,5.6491,0.1879
4702,id40,1.0,1,1,5.6980,0.2766
4703,id40,1.0,1,1,5.7385,0.1590
4704,id40,1.0,1,1,5.7050,0.1976
4705,id40,1.0,1,1,5.7609,0.4847
4706,id40,1.0,1,1,5.7194,0.4851
4707,id40,1.0,1,1,5.6074,0.3720
4708,id40,1.0,1,1,5.6160,0.1486
4709,id40,1.0,1,1,5.7300,0.2915
4710,id40,1.0,1,1,5.7449,0.1364
4711,id40,1.0,1,1,5.6789,0.1508
4712,id40,1.0,1,1,5.6966,0.2734
4713,id40,1.0,1,1,5.7313,0.1634
4714,id40,1.0,1,1,5.7556,0.2047
4715,id40,1.0,1,1,5.7189,0.1334
4716,id40,1.0,1,1,5.7001,0.4998
4717,id40,1.0,1,1,5.6520,0.3694
4718,id40,1.0,1,1,5.6255,0.1526
4719,id40,1.0,1,1,5.7432,0.2886
4720,id40,1.0,1,1,5.6893,0.1417
4721,id40,1.0,1,1,5.7637,0.1683
4722,id40,1.0,1,1,5.7136,0.2035
4723,id40,1.0,1,1,5.7194,0.2115
4724,id40,1.0,1,1,5.7106,0.3632
4725,id40,1.0,1,1,5.6124,0.3737
4726,id40,1.0,1,1,5.6496,0.1486
4727,id40,1.0,1,1,5.7269,0.2878
4728,id40,1.0,1,1,5.7402,0.1314
4729,id40,1.0,1,1,5.6624,0.1483
4730,id40,1.0,1,1,5.7121,0.2733
4731,id40,1.0,1,1,5.6991,0.1593
4732,id40,1.0,1,1,5.7252,0.2054
4733,id40,1.0,1,1,5.6771,0.1988
4734,id40,1.0,1,1,5.6618,0.5019
4735,id40,1.0,1,1,5.6436,0.1967
4736,id40,1.0,1,1,5.6511,0.1396
4737,id40,1.0,1,1,5.7730,0.2834
4738,id40,1.0,1,1,5.6768,0.4421
4739,id40,1.0,1,1,5.7125,0.2705
4740,id40,1.0,1,1,5.7505,0.2046
4741,id40,1.0,1,1,5.7233,0.4034
4742,id40,1.0,1,1,5.6516,0.4476
4743,id40,1.0,1,1,5.5819,0.2985
4744,id40,1.0,1,1,5.6713,0.1452
4745,id40,1.0,1,1,5.7497,0.2878
4746,id40,1.0,1,1,5.6764,0.1273
4747,id40,1.0,1,1,5.7372,0.3084
4748,id40,1.0,1,1,5.6968,0.2744
4749,id40,1.0,1,1,5.7335,0.1665
4750,id40,1.0,1,1,5.7620,0.2059
4751,id40,1.0,1,1,5.7449,0.4881
4752,id40,1.0,1,1,5.6671,0.5040
4753,id40,1.0,1,1,5.6461,0.3241
4754,id40,1.0,1,1,5.6487,0.1475
4755,id40,1.0,1,1,5.7695,0.4629
4756,id40,1.0,1,1,5.6954,0.3114
4757,id40,1.0,1,1,5.6908,0.4486
4758,id40,1.0,1,1,5.8111,0.1597
4759,id40,1.0,1,1,5.7208,0.2069
4760,id40,1.0,1,1,5.7630,0.1387
4761,id40,1.0,1,1,5.6637,0.4987
4762,id40,1.0,1,1,5.6576,0.2075
4763,id40,1.0,1,1,5.6657,0.1449
4764,id40,1.0,1,1,5.7762,0.2860
4765,id40,1.0,1,1,5.6830,0.1824
4766,id40,1.0,1,1,5.7011,0.1436
4767,id40,1.0,1,1,5.7018,0.2696
4768,id40,1.0,1,1,5.7266,0.1582
4769,id40,1.0,1,1,5.7323,0.2086
4770,id40,1.0,1,1,5.7473,0.5013
4771,id40,1.0,1,1,5.7139,0.5010
4772,id40,1.0,1,1,5.6691,0.3733
4773,id40,1.0,1,1,5.6156,0.1440
4774,id40,1.0,1,1,5.7399,0.2923
4775,id40,1.0,1,1,5.7029,0.1319
4776,id40,1.0,1,1,5.7616,0.3157
4777,id40,1.0,1,1,5.6940,0.2798
4778,id40,1.0,1,1,5.7429,0.1928
4779,id40,1.0,1,1,5.7322,0.3056
5333,id49,1.0,1,1,5.6095,0.1510
5334,id49,1.0,1,1,5.4902,0.1399
5335,id49,1.0,1,1,5.6904,0.4028
5336,id49,1.0,1,1,5.4696,0.1771
5337,id49,1.0,1,1,5.3579,0.1465
5338,id49,1.0,1,1,5.5981,0.1544
5339,id49,1.0,1,1,5.7706,0.1522
5340,id49,1.0,1,1,5.4743,0.1371
5341,id49,1.0,1,1,5.7181,0.4609
5342,id49,1.0,1,1,5.5470,0.1340
5343,id49,1.0,1,1,5.6471,0.1512
5344,id49,1.0,1,1,5.6060,0.1296
5345,id49,1.0,1,1,5.6947,0.1519
5346,id49,1.0,1,1,5.4202,0.5004
5347,id49,1.0,1,1,5.3650,0.1503
5348,id49,1.0,1,1,5.5271,0.1506
5349,id49,1.0,1,1,5.7683,0.1383
5350,id49,1.0,1,1,5.3027,0.1322
5351,id49,1.0,1,1,5.6805,0.1864
5352,id49,1.0,1,1,5.4139,0.4905
5353,id49,1.0,1,1,5.6417,0.1494
5354,id49,1.0,1,1,5.5809,0.1428
5355,id49,1.0,1,1,5.7038,0.1579
5356,id49,1.0,1,1,5.4486,0.1778
5357,id49,1.0,1,1,5.4214,0.1497
5358,id49,1.0,1,1,5.7736,0.1518
5359,id49,1.0,1,1,5.6439,0.4781
5360,id49,1.0,1,1,5.4156,0.2937
5361,id49,1.0,1,1,5.6398,0.1473
5362,id49,1.0,1,1,5.5613,0.1289
5363,id49,1.0,1,1,5.6553,0.5105
5364,id49,1.0,1,1,5.3597,0.1490
5365,id49,1.0,1,1,5.5558,0.1583
5366,id49,1.0,1,1,5.7499,0.1426
5367,id49,1.0,1,1,5.5430,0.1406
5368,id49,1.0,1,1,5.6805,0.4801
5369,id49,1.0,1,1,5.6491,0.1502
5370,id49,1.0,1,1,5.4051,0.1225
5371,id49,1.0,1,1,5.6371,0.5087
5372,id49,1.0,1,1,5.4428,0.2678
5373,id49,1.0,1,1,5.3817,0.1481
5374,id49,1.0,1,1,5.5369,0.1564
5375,id49,1.0,1,1,5.8068,0.1292
5376,id49,1.0,1,1,5.4727,0.1379
5377,id49,1.0,1,1,5.7353,0.3361
5378,id49,1.0,1,1,5.3281,0.3811
5379,id49,1.0,1,1,5.6410,0.1525
5380,id49,1.0,1,1,5.5525,0.1373
5381,id49,1.0,1,1,5.6838,0.4195
5382,id49,1.0,1,1,5.5016,0.1794
5383,id49,1.0,1,1,5.3737,0.1521
5384,id49,1.0,1,1,5.4778,0.1562
5385,id49,1.0,1,1,5.7693,0.1482
5386,id49,1.0,1,1,5.2169,0.1348
5387,id49,1.0,1,1,5.7163,0.4687
5388,id49,1.0,1,1,5.4165,0.2448
5389,id49,1.0,1,1,5.6653,0.1510
5390,id49,1.0,1,1,5.5569,0.1424
5391,id49,1.0,1,1,5.6743,0.5027
5392,id49,1.0,1,1,5.3743,0.1491
5393,id49,1.0,1,1,5.5692,0.1572
5394,id49,1.0,1,1,5.7256,0.1398
5395,id49,1.0,1,1,5.4153,0.1416
5396,id49,1.0,1,1,5.6814,0.4765
5397,id49,1.0,1,1,5.4860,0.1562
5398,id49,1.0,1,1,5.6449,0.1507
5399,id49,1.0,1,1,5.4766,0.4834
5400,id49,1.0,1,1,5.6761,0.4901
5401,id49,1.0,1,1,5.3192,0.1520
5402,id49,1.0,1,1,5.5859,0.1604
5403,id49,1.0,1,1,5.7473,0.1444
5404,id49,1.0,1,1,5.4947,0.1385
5405,id49,1.0,1,1,5.7249,0.4825
5406,id49,1.0,1,1,5.6376,0.1517
5407,id49,1.0,1,1,5.5627,0.1341
5408,id49,1.0,1,1,5.6781,0.4807
5409,id49,1.0,1,1,5.3142,0.1481
5410,id49,1.0,1,1,5.5440,0.1521
5411,id49,1.0,1,1,5.7760,0.1377
5412,id49,1.0,1,1,5.4765,0.1397
5413,id49,1.0,1,1,5.6968,0.4642
5414,id49,1.0,1,1,5.5748,0.1353
5537,id50,1.0,1,1,5.6718,0.3077
5538,id50,1.0,1,1,5.4370,0.1606
5539,id50,1.0,1,1,5.5300,0.1559
5540,id50,1.0,1,1,5.5057,0.1575
5541,id50,1.0,1,1,5.4856,0.3791
5542,id50,1.0,1,1,5.2489,0.1430
5543,id50,1.0,1,1,5.4743,0.1362
5544,id50,1.0,1,1,5.5983,0.1843
5545,id50,1.0,1,1,5.6668,0.4603
5546,id50,1.0,1,1,5.5093,0.3148
5547,id50,1.0,1,1,5.4980,0.3942
5548,id50,1.0,1,1,5.5723,0.1574
5549,id50,1.0,1,1,5.5547,0.1694
5550,id50,1.0,1,1,5.5938,0.4457
5551,id50,1.0,1,1,5.1956,0.1440
5552,id50,1.0,1,1,5.4542,0.1390
5553,id50,1.0,1,1,5.7281,0.1427
5554,id50,1.0,1,1,5.5783,0.5301
5555,id50,1.0,1,1,5.7115,0.4746
5556,id50,1.0,1,1,5.4291,0.3460
5557,id50,1.0,1,1,5.4173,0.3719
5558,id50,1.0,1,1,5.6432,0.1633
5559,id50,1.0,1,1,5.6665,0.1696
5560,id50,1.0,1,1,5.2342,0.1642
5561,id50,1.0,1,1,5.4278,0.1402
5562,id50,1.0,1,1,5.5828,0.1595
5563,id50,1.0,1,1,5.4310,0.3280
5564,id50,1.0,1,1,5.4388,0.2637
5565,id50,1.0,1,1,5.5085,0.1699
5566,id50,1.0,1,1,5.6133,0.5045
5567,id50,1.0,1,1,5.3820,0.1533
5568,id50,1.0,1,1,5.4179,0.1394
5569,id50,1.0,1,1,5.5294,0.5288
5570,id50,1.0,1,1,5.6784,0.5683
5571,id50,1.0,1,1,5.5238,0.1622
5572,id50,1.0,1,1,5.5053,0.5145
5573,id50,1.0,1,1,5.5060,0.1694
5574,id50,1.0,1,1,5.6323,0.5284
5575,id50,1.0,1,1,5.4396,0.1348
5576,id50,1.0,1,1,5.4627,0.1336
5577,id50,1.0,1,1,5.6169,0.1279
5578,id50,1.0,1,1,5.7033,0.1355
5579,id50,1.0,1,1,5.5060,0.3739
5580,id50,1.0,1,1,5.4726,0.2712
5581,id50,1.0,1,1,5.5709,0.1612
5582,id50,1.0,1,1,5.6177,0.1690
5583,id50,1.0,1,1,5.5396,0.3374
5584,id50,1.0,1,1,5.3559,0.1494
5585,id50,1.0,1,1,5.5035,0.1364
5586,id50,1.0,1,1,5.5381,0.2476
5587,id50,1.0,1,1,5.6693,0.4627
5588,id50,1.0,1,1,5.4770,0.4920
5589,id50,1.0,1,1,5.5024,0.1547
5590,id50,1.0,1,1,5.5085,0.1699
5591,id50,1.0,1,1,5.3856,0.1508
5592,id50,1.0,1,1,5.4368,0.1381
5593,id50,1.0,1,1,5.7148,0.4688
5594,id50,1.0,1,1,5.6221,0.2415
5595,id50,1.0,1,1,5.6684,0.3030
5596,id50,1.0,1,1,5.4318,0.3338
5597,id50,1.0,1,1,5.4979,0.1714
5598,id50,1.0,1,1,5.5821,0.1615
5599,id50,1.0,1,1,5.4943,0.1559
5600,id50,1.0,1,1,5.5690,0.4972
5601,id50,1.0,1,1,5.2853,0.1649
5602,id50,1.0,1,1,5.4169,0.1354
5603,id50,1.0,1,1,5.6596,0.3803
5604,id50,1.0,1,1,5.5434,0.1837
5747,id53,1.0,1,1,5.6756,0.4657
5748,id53,1.0,1,1,5.6786,0.4142
5749,id53,1.0,1,1,5.6714,0.3350
5750,id53,1.0,1,1,5.5701,0.1535
5751,id53,1.0,1,1,5.5930,0.1433
5752,id53,1.0,1,1,5.3967,0.1406
5753,id53,1.0,1,1,5.5223,0.1427
5754,id53,1.0,1,1,5.2336,0.4305
5755,id53,1.0,1,1,5.4164,0.1768
5756,id53,1.0,1,1,5.6681,0.4774
5757,id53,1.0,1,1,5.7023,0.3378
5758,id53,1.0,1,1,5.6907,0.5703
5759,id53,1.0,1,1,5.6931,0.1519
5760,id53,1.0,1,1,5.6031,0.1450
5761,id53,1.0,1,1,5.4720,0.1411
5762,id53,1.0,1,1,5.5780,0.1426
5763,id53,1.0,1,1,5.4747,0.4287
5764,id53,1.0,1,1,5.5635,0.3547
5765,id53,1.0,1,1,5.5466,0.1783
5766,id53,1.0,1,1,5.6843,0.4669
5767,id53,1.0,1,1,5.6494,0.4355
5768,id53,1.0,1,1,5.6809,0.1414
5769,id53,1.0,1,1,5.5616,0.1512
5770,id53,1.0,1,1,5.4759,0.1481
5771,id53,1.0,1,1,5.4367,0.1435
5772,id53,1.0,1,1,5.5587,0.2427
5773,id53,1.0,1,1,5.5325,0.5400
5774,id53,1.0,1,1,5.2858,0.3703
5775,id53,1.0,1,1,5.5519,0.3217
5776,id53,1.0,1,1,5.6433,0.4839
5777,id53,1.0,1,1,5.6564,0.4628
5778,id53,1.0,1,1,5.7005,0.4693
5779,id53,1.0,1,1,5.3471,0.1427
5780,id53,1.0,1,1,5.4413,0.1430
5781,id53,1.0,1,1,5.4870,0.1416
5782,id53,1.0,1,1,5.6115,0.5007
5783,id53,1.0,1,1,5.2738,0.3657
5784,id53,1.0,1,1,5.5722,0.1808
5785,id53,1.0,1,1,5.7001,0.2951
5786,id53,1.0,1,1,5.6737,0.4798
5787,id53,1.0,1,1,5.6893,0.1434
5788,id53,1.0,1,1,5.6196,0.1532
5789,id53,1.0,1,1,5.4895,0.1454
5790,id53,1.0,1,1,5.4317,0.1459
5791,id53,1.0,1,1,5.5150,0.1371
5792,id53,1.0,1,1,5.4964,0.3608
5793,id53,1.0,1,1,5.6799,0.2899
5794,id53,1.0,1,1,5.6958,0.4590
5795,id53,1.0,1,1,5.6641,0.4570
5796,id53,1.0,1,1,5.7019,0.4906
5797,id53,1.0,1,1,5.5904,0.1539
5798,id53,1.0,1,1,5.5055,0.1435
5799,id53,1.0,1,1,5.5497,0.1409
5800,id53,1.0,1,1,5.5349,0.1460
5801,id53,1.0,1,1,5.6240,0.4632
5802,id53,1.0,1,1,5.4734,0.3776
5803,id53,1.0,1,1,5.4965,0.1806
5804,id53,1.0,1,1,5.6620,0.4898
5805,id53,1.0,1,1,5.6884,0.4153
5806,id53,1.0,1,1,5.6746,0.4937
5807,id53,1.0,1,1,5.6513,0.1575
5808,id53,1.0,1,1,5.4698,0.1395
5809,id53,1.0,1,1,5.5188,0.1424
5810,id53,1.0,1,1,5.5908,0.1868
5811,id53,1.0,1,1,5.5055,0.4591
5812,id53,1.0,1,1,5.3689,0.3546
5813,id53,1.0,1,1,5.5513,0.2660
5814,id53,1.0,1,1,5.6869,0.4884
5815,id53,1.0,1,1,5.6801,0.6052
5816,id53,1.0,1,1,5.6691,0.1507
5817,id53,1.0,1,1,5.1516,0.1444
5818,id53,1.0,1,1,5.3527,0.1442
5819,id53,1.0,1,1,5.4910,0.4752
5820,id53,1.0,1,1,5.4229,0.3752
5821,id53,1.0,1,1,5.6880,0.4783
5822,id53,1.0,1,1,5.6685,0.4187
5823,id53,1.0,1,1,5.6829,0.4702
5824,id53,1.0,1,1,5.5978,0.1491
5825,id53,1.0,1,1,5.4406,0.1407
5826,id53,1.0,1,1,5.5763,0.1317
5827,id53,1.0,1,1,5.5317,0.4537
5828,id53,1.0,1,1,5.0762,0.3494
5829,id53,1.0,1,1,5.5883,0.1777
5969,id56,1.0,1,1,5.6939,0.1367
5970,id56,1.0,1,1,5.5510,0.3772
5971,id56,1.0,1,1,5.6160,0.4425
5972,id56,1.0,1,1,5.5999,0.2056
5973,id56,1.0,1,1,5.5904,0.2413
5974,id56,1.0,1,1,5.6623,0.1491
5975,id56,1.0,1,1,5.7193,0.3449
5976,id56,1.0,1,1,5.5037,0.1926
5977,id56,1.0,1,1,5.7157,0.1254
5978,id56,1.0,1,1,5.6085,0.1428
5979,id56,1.0,1,1,5.6265,0.3509
5980,id56,1.0,1,1,5.6184,0.4449
5981,id56,1.0,1,1,5.6250,0.2115
5982,id56,1.0,1,1,5.6293,0.2386
5983,id56,1.0,1,1,5.6337,0.1532
5984,id56,1.0,1,1,5.6787,0.3454
5985,id56,1.0,1,1,5.5692,0.2804
5986,id56,1.0,1,1,5.7224,0.1373
5987,id56,1.0,1,1,5.5242,0.3720
5988,id56,1.0,1,1,5.6254,0.4079
5989,id56,1.0,1,1,5.5482,0.3192
5990,id56,1.0,1,1,5.6521,0.2411
5991,id56,1.0,1,1,5.6735,0.1487
5992,id56,1.0,1,1,5.6676,0.1456
5993,id56,1.0,1,1,5.6338,0.3675
5994,id56,1.0,1,1,5.7464,0.2959
5995,id56,1.0,1,1,5.7011,0.1416
5996,id56,1.0,1,1,5.5569,0.3591
5997,id56,1.0,1,1,5.5639,0.4559
5998,id56,1.0,1,1,5.5880,0.2080
5999,id56,1.0,1,1,5.6093,0.2368
6000,id56,1.0,1,1,5.6574,0.1544
6001,id56,1.0,1,1,5.6455,0.4429
6002,id56,1.0,1,1,5.6349,0.3678
6003,id56,1.0,1,1,5.7345,0.3724
6004,id56,1.0,1,1,5.6802,0.3845
6005,id56,1.0,1,1,5.5716,0.3792
6006,id56,1.0,1,1,5.5673,0.4650
6007,id56,1.0,1,1,5.6310,0.4525
6008,id56,1.0,1,1,5.5919,0.4296
6009,id56,1.0,1,1,5.6720,0.1480
6010,id56,1.0,1,1,5.5062,0.2978
6011,id56,1.0,1,1,5.7220,0.3050
6012,id56,1.0,1,1,5.6160,0.2678
6013,id56,1.0,1,1,5.5710,0.4581
6014,id56,1.0,1,1,5.5144,0.4088
6015,id56,1.0,1,1,5.6570,0.4773
6016,id56,1.0,1,1,5.6205,0.2440
6017,id56,1.0,1,1,5.6780,0.1444
6018,id56,1.0,1,1,5.6292,0.4557
6019,id56,1.0,1,1,5.7425,0.3032
6020,id56,1.0,1,1,5.6878,0.1767
6021,id56,1.0,1,1,5.5753,0.4612
6022,id56,1.0,1,1,5.5030,0.4627
6023,id56,1.0,1,1,5.5785,0.2257
6024,id56,1.0,1,1,5.5665,0.2425
6025,id56,1.0,1,1,5.6547,0.1518
6026,id56,1.0,1,1,5.6299,0.3481
6027,id56,1.0,1,1,5.5724,0.2807
6028,id56,1.0,1,1,5.6772,0.1461
6029,id56,1.0,1,1,5.5625,0.3452
6030,id56,1.0,1,1,5.6404,0.4627
6031,id56,1.0,1,1,5.5315,0.4038
6032,id56,1.0,1,1,5.6006,0.2407
6033,id56,1.0,1,1,5.6862,0.1588
6034,id56,1.0,1,1,5.6253,0.2810
6035,id56,1.0,1,1,5.7236,0.1811
6036,id56,1.0,1,1,5.6972,0.1395
6037,id56,1.0,1,1,5.4908,0.3475
6038,id56,1.0,1,1,5.6420,0.4422
6039,id56,1.0,1,1,5.6433,0.3053
6040,id56,1.0,1,1,5.5618,0.1652
6041,id56,1.0,1,1,5.6741,0.1468
6042,id56,1.0,1,1,5.6365,0.2799
6043,id56,1.0,1,1,5.7353,0.1837
6044,id57,1.0,1,1,5.4676,0.1261
6045,id57,1.0,1,1,5.7170,0.1919
6046,id57,1.0,1,1,5.4612,0.3594
6047,id57,1.0,1,1,5.4432,0.1272
6048,id57,1.0,1,1,5.7118,0.1854
6049,id57,1.0,1,1,5.5533,0.1334
6050,id57,1.0,1,1,5.5830,0.1448
6051,id57,1.0,1,1,5.1753,0.3234
6052,id57,1.0,1,1,5.4823,0.4290
6053,id57,1.0,1,1,5.3661,0.4979
6054,id57,1.0,1,1,5.7223,0.3875
6055,id57,1.0,1,1,5.5622,0.1308
6056,id57,1.0,1,1,5.5361,0.1434
6057,id57,1.0,1,1,5.5133,0.1415
6058,id57,1.0,1,1,5.4400,0.3774
6059,id57,1.0,1,1,5.4905,0.4854
6060,id57,1.0,1,1,5.2620,0.4973
6061,id57,1.0,1,1,5.4761,0.1313
6062,id57,1.0,1,1,5.6782,0.1900
6063,id57,1.0,1,1,5.5933,0.1332
6064,id57,1.0,1,1,5.5097,0.1410
6065,id57,1.0,1,1,5.5803,0.1406
6066,id57,1.0,1,1,5.2275,0.3372
6067,id57,1.0,1,1,5.4621,0.4340
6068,id57,1.0,1,1,5.4944,0.4995
6069,id57,1.0,1,1,5.4606,0.3522
6070,id57,1.0,1,1,5.7113,0.1930
6071,id57,1.0,1,1,5.5714,0.1285
6072,id57,1.0,1,1,5.4659,0.1390
6073,id57,1.0,1,1,5.4311,0.3750
6074,id57,1.0,1,1,5.4112,0.4981
6075,id57,1.0,1,1,5.4012,0.1374
6076,id57,1.0,1,1,5.5925,0.4690
6077,id57,1.0,1,1,5.4286,0.1429
6078,id57,1.0,1,1,5.3241,0.3286
6079,id57,1.0,1,1,5.5470,0.5491
6080,id57,1.0,1,1,5.3188,0.4051
6081,id57,1.0,1,1,5.5331,0.1354
6082,id57,1.0,1,1,5.4845,0.3416
6083,id57,1.0,1,1,5.5945,0.2888
6084,id57,1.0,1,1,5.5835,0.1290
6085,id57,1.0,1,1,5.4795,0.1441
6086,id57,1.0,1,1,5.3186,0.1335
6087,id57,1.0,1,1,5.4787,0.4400
6088,id57,1.0,1,1,5.5952,0.4990
6089,id57,1.0,1,1,5.5524,0.1356
6090,id57,1.0,1,1,5.4334,0.3465
6091,id57,1.0,1,1,5.6491,0.3082
6092,id57,1.0,1,1,5.5770,0.1265
6093,id57,1.0,1,1,5.4618,0.1437
6094,id57,1.0,1,1,5.4805,0.1386
6095,id57,1.0,1,1,5.4884,0.5123
6096,id57,1.0,1,1,5.5708,0.4017
6097,id57,1.0,1,1,5.4602,0.4948
6098,id57,1.0,1,1,5.5007,0.1243
6099,id57,1.0,1,1,5.7169,0.2859
6100,id57,1.0,1,1,5.6051,0.1286
6101,id57,1.0,1,1,5.3808,0.1339
6102,id57,1.0,1,1,5.4764,0.1380
6103,id57,1.0,1,1,5.2623,0.3703
6104,id57,1.0,1,1,5.3989,0.3624
6105,id58,1.0,1,1,5.4966,0.1446
6106,id58,1.0,1,1,5.7074,0.1403
6107,id58,1.0,1,1,5.6036,0.2297
6108,id58,1.0,1,1,5.5157,0.2589
6109,id58,1.0,1,1,5.4925,0.1328
6110,id58,1.0,1,1,5.7005,0.1393
6111,id58,1.0,1,1,5.5612,0.3418
6112,id58,1.0,1,1,5.5410,0.2683
6113,id58,1.0,1,1,5.4599,0.1394
6114,id58,1.0,1,1,5.6292,0.1419
6115,id58,1.0,1,1,5.4946,0.2455
6116,id58,1.0,1,1,5.4285,0.3898
6117,id58,1.0,1,1,5.3997,0.1402
6118,id58,1.0,1,1,5.6768,0.1378
6119,id58,1.0,1,1,5.5672,0.2554
6120,id58,1.0,1,1,5.5315,0.1443
6121,id58,1.0,1,1,5.6164,0.1401
6122,id58,1.0,1,1,5.6558,0.2526
6123,id58,1.0,1,1,5.4378,0.2600
6124,id58,1.0,1,1,5.5441,0.1313
6125,id58,1.0,1,1,5.6899,0.1403
6126,id58,1.0,1,1,5.5219,0.3447
6127,id58,1.0,1,1,5.5129,0.1465
6128,id58,1.0,1,1,5.3925,0.3267
6129,id58,1.0,1,1,5.4611,0.1356
6130,id58,1.0,1,1,5.7195,0.1408
6131,id58,1.0,1,1,5.5180,0.2866
6132,id58,1.0,1,1,5.5201,0.1485
6133,id58,1.0,1,1,5.6532,0.1372
6134,id58,1.0,1,1,5.5578,0.2536
6135,id58,1.0,1,1,5.5751,0.3481
6136,id58,1.0,1,1,5.2869,0.1412
6137,id58,1.0,1,1,5.7411,0.1495
6138,id58,1.0,1,1,5.5769,0.4549
6139,id58,1.0,1,1,5.6123,0.1420
6140,id58,1.0,1,1,5.6279,0.2500
6141,id58,1.0,1,1,5.6145,0.3306
6142,id58,1.0,1,1,5.4236,0.1362
6143,id58,1.0,1,1,5.7198,0.1410
6144,id58,1.0,1,1,5.5428,0.3427
6145,id58,1.0,1,1,5.5636,0.2754
6146,id58,1.0,1,1,5.6269,0.1420
6147,id58,1.0,1,1,5.7099,0.1408
6148,id58,1.0,1,1,5.6401,0.2518
6149,id58,1.0,1,1,5.6047,0.3288
6150,id58,1.0,1,1,5.4068,0.1343
6151,id58,1.0,1,1,5.7602,0.1462
6152,id58,1.0,1,1,5.5756,0.1500
6153,id58,1.0,1,1,5.4860,0.1438
6154,id58,1.0,1,1,5.6970,0.1384
6155,id58,1.0,1,1,5.6705,0.2507
6156,id58,1.0,1,1,5.3395,0.2622
6157,id58,1.0,1,1,5.3567,0.1352
6158,id58,1.0,1,1,5.6947,0.1407
